Data,Ora,Totale Fotovoltaico,Totale Casa,Energia immessa in rete,Energia utilizzata fotovoltaico,Energia utilizzata fotovoltaico ora,produzione fotovoltaico ora,consumo casa ora,energia immessa ora,giorno,fascia,costo con pannello,consumo senza pannello,costo senza pannello,mese
24/08/2023,16:20:18,"28881,4","34022,1","17683,7","11197,7",,,,,GIO,PICCO,0,0,0,AUG
24/08/2023,17:20:17,"29246,6","34022,1","17994,7","11251,9","54,2","365,2",0,311,GIO,PICCO,0,"54,2","0,016802",AUG
24/08/2023,18:20:18,"29533,3","34100,5","18203,9","11329,4","77,5","286,7","78,4","209,2",GIO,PICCO,"0,024304","155,9","0,048329",AUG
24/08/2023,19:20:18,"29617,3","34168,3","18220,8","11396,5","67,1",84,"67,8","16,9",GIO,PICCO,"0,021018","134,9","0,041819",AUG
24/08/2023,20:20:18,"29623,4","34406,9","18220,8","11402,6","6,1","6,1","238,6",0,GIO,FUORI,"0,062036","244,7","0,063622",AUG
24/08/2023,21:20:18,"29623,4","34882,5","18220,8","11402,6",0,0,"475,6",0,GIO,FUORI,"0,123656","475,6","0,123656",AUG
24/08/2023,22:20:17,"29623,4","36156,1","18220,8","11402,6",0,0,"1273,6",0,GIO,FUORI,"0,331136","1273,6","0,331136",AUG
24/08/2023,23:20:18,"29623,4","36641,8","18220,8","11402,6",0,0,"485,7",0,GIO,FUORI,"0,126282","485,7","0,126282",AUG
25/08/2023,00:20:18,"29623,4","36746,3","18220,8","11402,6",0,0,"104,5",0,VEN,FUORI,"0,02717","104,5","0,02717",AUG
25/08/2023,01:20:17,"29623,4","36834,4","18220,8","11402,6",0,0,"88,1",0,VEN,FUORI,"0,022906","88,1","0,022906",AUG
25/08/2023,02:20:17,"29623,4","36938,7","18220,8","11402,6",0,0,"104,3",0,VEN,FUORI,"0,027118","104,3","0,027118",AUG
25/08/2023,03:20:18,"29623,4","37034,8","18220,8","11402,6",0,0,"96,1",0,VEN,FUORI,"0,024986","96,1","0,024986",AUG
25/08/2023,04:20:17,"29623,4","37125,4","18220,8","11402,6",0,0,"90,6",0,VEN,FUORI,"0,023556","90,6","0,023556",AUG
25/08/2023,05:20:18,"29623,4","37224,4","18220,8","11402,6",0,0,99,0,VEN,FUORI,"0,02574",99,"0,02574",AUG
25/08/2023,06:20:18,"29623,4","37317,8","18220,8","11402,6",0,0,"93,4",0,VEN,FUORI,"0,024284","93,4","0,024284",AUG
25/08/2023,07:20:17,"29633,1","37396,3","18220,8","11412,3","9,7","9,7","78,5",0,VEN,FUORI,"0,02041","88,2","0,022932",AUG
25/08/2023,08:20:18,"29662,2","37937,4","18220,8","11441,4","29,1","29,1","541,1",0,VEN,PICCO,"0,167741","570,2","0,176762",AUG
25/08/2023,09:20:17,"29751,3","38439,5","18246,7","11504,6","63,2","89,1","502,1","25,9",VEN,PICCO,"0,155651","565,3","0,175243",AUG
25/08/2023,10:20:19,"30054,3","38439,5","18481,4","11572,9","68,3",303,0,"234,7",VEN,PICCO,0,"68,3","0,021173",AUG
25/08/2023,11:20:18,"30465,3","38439,5","18828,2","11637,1","64,2",411,0,"346,8",VEN,PICCO,0,"64,2","0,019902",AUG
25/08/2023,12:20:18,31017,"38439,5","19311,4","11705,6","68,5","551,7",0,"483,2",VEN,PICCO,0,"68,5","0,021235",AUG
25/08/2023,13:20:17,"31515,8","38439,5","19689,9","11825,9","120,3","498,8",0,"378,5",VEN,PICCO,0,"120,3","0,037293",AUG
25/08/2023,14:20:17,"32038,6","38439,5","20067,3","11971,3","145,4","522,8",0,"377,4",VEN,PICCO,0,"145,4","0,045074",AUG
25/08/2023,15:20:18,"32581,1","38806,9","20305,8","12275,3",304,"542,5","367,4","238,5",VEN,PICCO,"0,113894","671,4","0,208134",AUG
25/08/2023,16:20:17,"32907,3",38895,"20498,4","12408,9","133,6","326,2","88,1","192,6",VEN,PICCO,"0,027311","221,7","0,068727",AUG
25/08/2023,17:20:18,"33227,7","38895,7","20697,5","12530,2","121,3","320,4","0,7","199,1",VEN,PICCO,"0,000217",122,"0,03782",AUG
25/08/2023,18:20:18,"33491,3","39306,3","20745,7","12745,6","215,4","263,6","410,6","48,2",VEN,PICCO,"0,127286",626,"0,19406",AUG
25/08/2023,19:20:18,"33570,9","39967,3","20745,7","12825,2","79,6","79,6",661,0,VEN,PICCO,"0,20491","740,6","0,229586",AUG
25/08/2023,20:20:18,"33576,7","41104,7","20745,7",12831,"5,8","5,8","1137,4",0,VEN,FUORI,"0,295724","1143,2","0,297232",AUG
25/08/2023,21:20:18,"33576,7","41397,5","20745,7",12831,0,0,"292,8",0,VEN,FUORI,"0,076128","292,8","0,076128",AUG
25/08/2023,22:20:18,"33576,7",41588,"20745,7",12831,0,0,"190,5",0,VEN,FUORI,"0,04953","190,5","0,04953",AUG
25/08/2023,23:20:17,"33576,7","41686,6","20745,7",12831,0,0,"98,6",0,VEN,FUORI,"0,025636","98,6","0,025636",AUG
26/08/2023,00:20:18,"33576,7","41926,6","20745,7",12831,0,0,240,0,SAB,FUORI,"0,0624",240,"0,0624",AUG
26/08/2023,01:20:18,"33576,7","42019,6","20745,7",12831,0,0,93,0,SAB,FUORI,"0,02418",93,"0,02418",AUG
26/08/2023,02:20:17,"33576,7","42126,8","20745,7",12831,0,0,"107,2",0,SAB,FUORI,"0,027872","107,2","0,027872",AUG
26/08/2023,03:20:17,"33576,7","42221,2","20745,7",12831,0,0,"94,4",0,SAB,FUORI,"0,024544","94,4","0,024544",AUG
26/08/2023,04:20:17,"33576,7","42309,5","20745,7",12831,0,0,"88,3",0,SAB,FUORI,"0,022958","88,3","0,022958",AUG
26/08/2023,05:21:10,"33576,7","42512,8","20745,7",12831,0,0,"203,3",0,SAB,FUORI,"0,052858","203,3","0,052858",AUG
26/08/2023,05:21:38,"33576,7","42512,8","20745,7",12831,0,0,0,0,SAB,FUORI,0,0,0,AUG
26/08/2023,05:22:17,"33576,7","42514,3","20745,7",12831,0,0,"1,5",0,SAB,FUORI,"0,00039","1,5","0,00039",AUG
26/08/2023,06:20:17,"33576,7","42600,4","20745,7",12831,0,0,"86,1",0,SAB,FUORI,"0,022386","86,1","0,022386",AUG
26/08/2023,07:20:17,33585,"42836,8","20745,7","12839,3","8,3","8,3","236,4",0,SAB,FUORI,"0,061464","244,7","0,063622",AUG
26/08/2023,08:20:17,"33610,6","42906,9","20745,7","12864,9","25,6","25,6","70,1",0,SAB,FUORI,"0,018226","95,7","0,024882",AUG
26/08/2023,09:20:18,"33698,6","43050,2","20762,9","12935,7","70,8",88,"143,3","17,2",SAB,FUORI,"0,037258","214,1","0,055666",AUG
26/08/2023,10:20:17,"34002,1","43050,3","20977,6","13024,5","88,8","303,5","0,1","214,7",SAB,FUORI,"0,000026","88,9","0,023114",AUG
26/08/2023,11:20:17,"34405,7","43057,8","21292,8","13112,9","88,4","403,6","7,5","315,2",SAB,FUORI,"0,00195","95,9","0,024934",AUG
26/08/2023,12:20:17,"34938,6","43299,2","21585,6",13353,"240,1","532,9","241,4","292,8",SAB,FUORI,"0,062764","481,5","0,12519",AUG
26/08/2023,13:20:18,"35373,2","43310,7","21943,7","13429,5","76,5","434,6","11,5","358,1",SAB,FUORI,"0,00299",88,"0,02288",AUG
26/08/2023,14:20:17,"35899,2","43405,3","22237,3","13661,9","232,4",526,"94,6","293,6",SAB,FUORI,"0,024596",327,"0,08502",AUG
26/08/2023,15:20:18,"36422,9","44286,8","22364,5","14058,4","396,5","523,7","881,5","127,2",SAB,FUORI,"0,22919",1278,"0,33228",AUG
26/08/2023,16:20:18,36955,"44501,5","22664,1","14290,9","232,5","532,1","214,7","299,6",SAB,FUORI,"0,055822","447,2","0,116272",AUG
26/08/2023,17:20:18,"37352,4","44726,7",22728,"14624,4","333,5","397,4","225,2","63,9",SAB,FUORI,"0,058552","558,7","0,145262",AUG
26/08/2023,18:20:17,"37631,8","44733,8","22803,1","14828,7","204,3","279,4","7,1","75,1",SAB,FUORI,"0,001846","211,4","0,054964",AUG
26/08/2023,19:20:17,"37712,4","45230,3","22803,1","14909,3","80,6","80,6","496,5",0,SAB,FUORI,"0,12909","577,1","0,150046",AUG
26/08/2023,20:20:17,"37717,3","46548,4","22803,1","14914,2","4,9","4,9","1318,1",0,SAB,FUORI,"0,342706",1323,"0,34398",AUG
26/08/2023,21:20:18,"37717,3","47043,6","22803,1","14914,2",0,0,"495,2",0,SAB,FUORI,"0,128752","495,2","0,128752",AUG
26/08/2023,22:20:17,"37717,3","47351,6","22803,1","14914,2",0,0,308,0,SAB,FUORI,"0,08008",308,"0,08008",AUG
26/08/2023,23:20:18,"37717,3","47592,4","22803,1","14914,2",0,0,"240,8",0,SAB,FUORI,"0,062608","240,8","0,062608",AUG
27/08/2023,00:20:18,"37717,3","47797,9","22803,1","14914,2",0,0,"205,5",0,DOM,FUORI,"0,05343","205,5","0,05343",AUG
27/08/2023,01:20:18,"37717,3","47913,5","22803,1","14914,2",0,0,"115,6",0,DOM,FUORI,"0,030056","115,6","0,030056",AUG
27/08/2023,02:20:17,"37717,3","48013,8","22803,1","14914,2",0,0,"100,3",0,DOM,FUORI,"0,026078","100,3","0,026078",AUG
27/08/2023,03:20:17,"37717,3","48098,6","22803,1","14914,2",0,0,"84,8",0,DOM,FUORI,"0,022048","84,8","0,022048",AUG
27/08/2023,04:20:17,"37717,3",48194,"22803,1","14914,2",0,0,"95,4",0,DOM,FUORI,"0,024804","95,4","0,024804",AUG
27/08/2023,05:20:18,"37717,3","48486,9","22803,1","14914,2",0,0,"292,9",0,DOM,FUORI,"0,076154","292,9","0,076154",AUG
27/08/2023,06:20:18,"37717,3","48571,4","22803,1","14914,2",0,0,"84,5",0,DOM,FUORI,"0,02197","84,5","0,02197",AUG
27/08/2023,07:20:18,"37725,1","48782,5","22803,1",14922,"7,8","7,8","211,1",0,DOM,FUORI,"0,054886","218,9","0,056914",AUG
27/08/2023,08:20:18,"37749,4","48857,2","22803,1","14946,3","24,3","24,3","74,7",0,DOM,FUORI,"0,019422",99,"0,02574",AUG
27/08/2023,09:20:17,"37835,4","48910,8","22816,5","15018,9","72,6",86,"53,6","13,4",DOM,FUORI,"0,013936","126,2","0,032812",AUG
27/08/2023,10:20:17,"38124,6","49508,8","22917,5","15207,1","188,2","289,2",598,101,DOM,FUORI,"0,15548","786,2","0,204412",AUG
27/08/2023,11:20:18,"38582,7","49508,8","23173,5","15409,2","202,1","458,1",0,256,DOM,FUORI,0,"202,1","0,052546",AUG
27/08/2023,12:20:17,"39047,5","49508,8","23436,9","15610,6","201,4","464,8",0,"263,4",DOM,FUORI,0,"201,4","0,052364",AUG
27/08/2023,13:20:18,"39611,2","49812,7","23651,8","15959,4","348,8","563,7","303,9","214,9",DOM,FUORI,"0,079014","652,7","0,169702",AUG
27/08/2023,14:20:17,"40175,6","50326,6","23825,8","16349,8","390,4","564,4","513,9",174,DOM,FUORI,"0,133614","904,3","0,235118",AUG
27/08/2023,15:20:17,"40646,5","50404,2","24142,6","16503,9","154,1","470,9","77,6","316,8",DOM,FUORI,"0,020176","231,7","0,060242",AUG
27/08/2023,16:20:18,"41223,8","50404,2",24524,"16699,8","195,9","577,3",0,"381,4",DOM,FUORI,0,"195,9","0,050934",AUG
27/08/2023,17:20:17,"41596,2","50404,2","24716,8","16879,4","179,6","372,4",0,"192,8",DOM,FUORI,0,"179,6","0,046696",AUG
27/08/2023,18:20:22,"41874,3","50404,2","24887,1","16987,2","107,8","278,1",0,"170,3",DOM,FUORI,0,"107,8","0,028028",AUG
27/08/2023,19:58:17,41945,"51210,1","24888,3","17056,7","69,5","70,7","805,9","1,2",DOM,FUORI,"0,209534","875,4","0,227604",AUG
27/08/2023,20:58:18,41945,"51484,9","24888,3","17056,7",0,0,"274,8",0,DOM,FUORI,"0,071448","274,8","0,071448",AUG
27/08/2023,21:58:17,41945,"51752,2","24888,3","17056,7",0,0,"267,3",0,DOM,FUORI,"0,069498","267,3","0,069498",AUG
27/08/2023,22:58:17,41945,"51999,3","24888,3","17056,7",0,0,"247,1",0,DOM,FUORI,"0,064246","247,1","0,064246",AUG
27/08/2023,23:58:18,41945,"52177,7","24888,3","17056,7",0,0,"178,4",0,DOM,FUORI,"0,046384","178,4","0,046384",AUG
28/08/2023,00:58:18,41945,"52309,8","24888,3","17056,7",0,0,"132,1",0,LUN,FUORI,"0,034346","132,1","0,034346",AUG
28/08/2023,01:58:17,41945,"52447,9","24888,3","17056,7",0,0,"138,1",0,LUN,FUORI,"0,035906","138,1","0,035906",AUG
28/08/2023,02:58:17,41945,52543,"24888,3","17056,7",0,0,"95,1",0,LUN,FUORI,"0,024726","95,1","0,024726",AUG
28/08/2023,03:58:18,41945,"52647,6","24888,3","17056,7",0,0,"104,6",0,LUN,FUORI,"0,027196","104,6","0,027196",AUG
28/08/2023,04:58:18,41945,52951,"24888,3","17056,7",0,0,"303,4",0,LUN,FUORI,"0,078884","303,4","0,078884",AUG
28/08/2023,05:58:18,41945,"53039,2","24888,3","17056,7",0,0,"88,2",0,LUN,FUORI,"0,022932","88,2","0,022932",AUG
28/08/2023,06:58:19,"41945,1","53364,2","24888,3","17056,8","0,1","0,1",325,0,LUN,FUORI,"0,0845","325,1","0,084526",AUG
28/08/2023,07:58:17,"41962,7","53446,1","24888,3","17074,4","17,6","17,6","81,9",0,LUN,FUORI,"0,021294","99,5","0,02587",AUG
28/08/2023,08:58:18,"42049,4","53458,5",24916,"17133,4",59,"86,7","12,4","27,7",LUN,PICCO,"0,003844","71,4","0,022134",AUG
28/08/2023,09:58:17,"42088,8","53499,3","24926,6","17162,2","28,8","39,4","40,8","10,6",LUN,PICCO,"0,012648","69,6","0,021576",AUG
28/08/2023,10:58:17,"42200,3","53503,5","24962,5","17237,8","75,6","111,5","4,2","35,9",LUN,PICCO,"0,001302","79,8","0,024738",AUG
28/08/2023,11:58:17,"42539,8","53503,6","25232,1","17307,7","69,9","339,5","0,1","269,6",LUN,PICCO,"0,000031",70,"0,0217",AUG
28/08/2023,12:58:18,"42884,6","53503,6","25511,8","17372,8","65,1","344,8",0,"279,7",LUN,PICCO,0,"65,1","0,020181",AUG
28/08/2023,13:58:17,"43236,9","53672,7","25739,3","17497,6","124,8","352,3","169,1","227,5",LUN,PICCO,"0,052421","293,9","0,091109",AUG
28/08/2023,14:58:17,"43534,1","53947,2","25945,9","17588,2","90,6","297,2","274,5","206,6",LUN,PICCO,"0,085095","365,1","0,113181",AUG
28/08/2023,15:58:18,43934,"54068,5","26167,1","17766,9","178,7","399,9","121,3","221,2",LUN,PICCO,"0,037603",300,"0,093",AUG
28/08/2023,16:58:18,"44286,1","54270,7","26376,3","17909,8","142,9","352,1","202,2","209,2",LUN,PICCO,"0,062682","345,1","0,106981",AUG
28/08/2023,17:58:17,"44400,5","54674,1","26379,3","18021,2","111,4","114,4","403,4",3,LUN,PICCO,"0,125054","514,8","0,159588",AUG
28/08/2023,18:58:17,"44447,5","54724,3","26379,3","18068,2",47,47,"50,2",0,LUN,PICCO,"0,015562","97,2","0,030132",AUG
28/08/2023,19:58:18,"44462,4","55552,9","26379,3","18083,1","14,9","14,9","828,6",0,LUN,PICCO,"0,256866","843,5","0,261485",AUG
28/08/2023,20:58:17,"44462,4","56265,9","26379,3","18083,1",0,0,713,0,LUN,FUORI,"0,18538",713,"0,18538",AUG
28/08/2023,21:58:17,"44462,4","56900,9","26379,3","18083,1",0,0,635,0,LUN,FUORI,"0,1651",635,"0,1651",AUG
28/08/2023,22:58:18,"44462,4","57036,1","26379,3","18083,1",0,0,"135,2",0,LUN,FUORI,"0,035152","135,2","0,035152",AUG
28/08/2023,23:58:18,"44462,4","57141,5","26379,3","18083,1",0,0,"105,4",0,LUN,FUORI,"0,027404","105,4","0,027404",AUG
29/08/2023,00:58:18,"44462,4","57231,7","26379,3","18083,1",0,0,"90,2",0,MAR,FUORI,"0,023452","90,2","0,023452",AUG
29/08/2023,01:58:17,"44462,4","57319,6","26379,3","18083,1",0,0,"87,9",0,MAR,FUORI,"0,022854","87,9","0,022854",AUG
29/08/2023,02:58:17,"44462,4","57422,4","26379,3","18083,1",0,0,"102,8",0,MAR,FUORI,"0,026728","102,8","0,026728",AUG
29/08/2023,03:58:18,"44462,4","57507,4","26379,3","18083,1",0,0,85,0,MAR,FUORI,"0,0221",85,"0,0221",AUG
29/08/2023,04:58:17,"44462,4","57790,1","26379,3","18083,1",0,0,"282,7",0,MAR,FUORI,"0,073502","282,7","0,073502",AUG
29/08/2023,05:58:18,"44462,4","57884,5","26379,3","18083,1",0,0,"94,4",0,MAR,FUORI,"0,024544","94,4","0,024544",AUG
29/08/2023,06:58:18,"44466,4","58099,4","26379,3","18087,1",4,4,"214,9",0,MAR,FUORI,"0,055874","218,9","0,056914",AUG
29/08/2023,07:58:18,"44480,3","58235,7","26379,3",18101,"13,9","13,9","136,3",0,MAR,FUORI,"0,035438","150,2","0,039052",AUG
29/08/2023,08:58:18,"44536,2","58255,8","26384,5","18151,7","50,7","55,9","20,1","5,2",MAR,PICCO,"0,006231","70,8","0,021948",AUG
29/08/2023,09:58:18,44673,"58255,8","26460,8","18212,2","60,5","136,8",0,"76,3",MAR,PICCO,0,"60,5","0,018755",AUG
29/08/2023,10:58:17,"44772,3","58255,9","26482,7","18289,6","77,4","99,3","0,1","21,9",MAR,PICCO,"0,000031","77,5","0,024025",AUG
29/08/2023,11:58:17,"44875,8","58259,8","26521,1","18354,7","65,1","103,5","3,9","38,4",MAR,PICCO,"0,001209",69,"0,02139",AUG
29/08/2023,12:58:17,"45021,5","58259,8","26605,6","18415,9","61,2","145,7",0,"84,5",MAR,PICCO,0,"61,2","0,018972",AUG
29/08/2023,13:58:18,"45120,2","58484,4","26615,2",18505,"89,1","98,7","224,6","9,6",MAR,PICCO,"0,069626","313,7","0,097247",AUG
29/08/2023,14:58:19,"45300,8","58614,9","26677,8",18623,118,"180,6","130,5","62,6",MAR,PICCO,"0,040455","248,5","0,077035",AUG
29/08/2023,15:58:18,"45567,7","58619,6","26803,7",18764,141,"266,9","4,7","125,9",MAR,PICCO,"0,001457","145,7","0,045167",AUG
29/08/2023,16:58:18,"45646,4",58652,"26831,5","18814,9","50,9","78,7","32,4","27,8",MAR,PICCO,"0,010044","83,3","0,025823",AUG
29/08/2023,17:58:18,"45702,8","58668,7","26839,6","18863,2","48,3","56,4","16,7","8,1",MAR,PICCO,"0,005177",65,"0,02015",AUG
29/08/2023,18:58:17,"45770,8","58691,5","26851,7","18919,1","55,9",68,"22,8","12,1",MAR,PICCO,"0,007068","78,7","0,024397",AUG
29/08/2023,19:58:17,"45773,6","58925,8","26851,7","18921,9","2,8","2,8","234,3",0,MAR,PICCO,"0,072633","237,1","0,073501",AUG
29/08/2023,20:58:18,"45773,6","59310,3","26851,7","18921,9",0,0,"384,5",0,MAR,FUORI,"0,09997","384,5","0,09997",AUG
29/08/2023,21:58:17,"45773,6","59661,1","26851,7","18921,9",0,0,"350,8",0,MAR,FUORI,"0,091208","350,8","0,091208",AUG
29/08/2023,22:58:17,"45773,6","59788,4","26851,7","18921,9",0,0,"127,3",0,MAR,FUORI,"0,033098","127,3","0,033098",AUG
29/08/2023,23:58:18,"45773,6","59891,3","26851,7","18921,9",0,0,"102,9",0,MAR,FUORI,"0,026754","102,9","0,026754",AUG
30/08/2023,00:58:17,"45773,6","59977,9","26851,7","18921,9",0,0,"86,6",0,MER,FUORI,"0,022516","86,6","0,022516",AUG
30/08/2023,01:58:17,"45773,6","60075,2","26851,7","18921,9",0,0,"97,3",0,MER,FUORI,"0,025298","97,3","0,025298",AUG
30/08/2023,02:58:17,"45773,6","60166,6","26851,7","18921,9",0,0,"91,4",0,MER,FUORI,"0,023764","91,4","0,023764",AUG
30/08/2023,03:58:18,"45773,6","60253,6","26851,7","18921,9",0,0,87,0,MER,FUORI,"0,02262",87,"0,02262",AUG
30/08/2023,04:58:17,"45773,6","60580,2","26851,7","18921,9",0,0,"326,6",0,MER,FUORI,"0,084916","326,6","0,084916",AUG
30/08/2023,05:58:18,"45773,6","60795,8","26851,7","18921,9",0,0,"215,6",0,MER,FUORI,"0,056056","215,6","0,056056",AUG
30/08/2023,06:58:18,45774,"61193,3","26851,7","18922,3","0,4","0,4","397,5",0,MER,FUORI,"0,10335","397,9","0,103454",AUG
30/08/2023,07:58:17,"45802,2","61242,1","26856,2",18946,"23,7","28,2","48,8","4,5",MER,FUORI,"0,012688","72,5","0,01885",AUG
30/08/2023,08:58:17,"45856,8","61262,8","26859,9","18996,9","50,9","54,6","20,7","3,7",MER,PICCO,"0,006417","71,6","0,022196",AUG
30/08/2023,09:58:17,"45913,8","61275,8","26866,7","19047,1","50,2",57,13,"6,8",MER,PICCO,"0,00403","63,2","0,019592",AUG
30/08/2023,10:58:18,"46022,3","61278,3","26904,3",19118,"70,9","108,5","2,5","37,6",MER,PICCO,"0,000775","73,4","0,022754",AUG
30/08/2023,11:58:18,"46232,8","61278,3","27047,8",19185,67,"210,5",0,"143,5",MER,PICCO,0,67,"0,02077",AUG
30/08/2023,12:58:18,"46455,4","61278,3","27209,4",19246,61,"222,6",0,"161,6",MER,PICCO,0,61,"0,01891",AUG
30/08/2023,13:58:17,"46652,2",61432,27319,"19333,2","87,2","196,8","153,7","109,6",MER,PICCO,"0,047647","240,9","0,074679",AUG
30/08/2023,14:58:18,"46802,4","61562,5","27351,9","19450,5","117,3","150,2","130,5","32,9",MER,PICCO,"0,040455","247,8","0,076818",AUG
30/08/2023,15:58:17,"46865,3","61578,8","27360,4","19504,9","54,4","62,9","16,3","8,5",MER,PICCO,"0,005053","70,7","0,021917",AUG
30/08/2023,16:58:18,"46928,7","61592,4","27360,7",19568,"63,1","63,4","13,6","0,3",MER,PICCO,"0,004216","76,7","0,023777",AUG
30/08/2023,17:58:19,"47009,5","61593,6","27374,9","19634,6","66,6","80,8","1,2","14,2",MER,PICCO,"0,000372","67,8","0,021018",AUG
30/08/2023,18:58:18,"47085,3","61606,2","27403,7","19681,6",47,"75,8","12,6","28,8",MER,PICCO,"0,003906","59,6","0,018476",AUG
30/08/2023,19:58:18,"47092,5","61838,1","27403,7","19688,8","7,2","7,2","231,9",0,MER,PICCO,"0,071889","239,1","0,074121",AUG
30/08/2023,20:58:17,"47092,5","62055,5","27403,7","19688,8",0,0,"217,4",0,MER,FUORI,"0,056524","217,4","0,056524",AUG
30/08/2023,21:58:17,"47092,5","62246,6","27403,7","19688,8",0,0,"191,1",0,MER,FUORI,"0,049686","191,1","0,049686",AUG
30/08/2023,22:58:18,"47092,5","62429,8","27403,7","19688,8",0,0,"183,2",0,MER,FUORI,"0,047632","183,2","0,047632",AUG
30/08/2023,23:58:19,"47092,5","62580,2","27403,7","19688,8",0,0,"150,4",0,MER,FUORI,"0,039104","150,4","0,039104",AUG
31/08/2023,00:58:17,"47092,5",62705,"27403,7","19688,8",0,0,"124,8",0,GIO,FUORI,"0,032448","124,8","0,032448",AUG
31/08/2023,01:58:18,"47092,5",62798,"27403,7","19688,8",0,0,93,0,GIO,FUORI,"0,02418",93,"0,02418",AUG
31/08/2023,02:58:18,"47092,5","62893,3","27403,7","19688,8",0,0,"95,3",0,GIO,FUORI,"0,024778","95,3","0,024778",AUG
31/08/2023,03:58:17,"47092,5","62983,9","27403,7","19688,8",0,0,"90,6",0,GIO,FUORI,"0,023556","90,6","0,023556",AUG
31/08/2023,04:58:17,"47092,5","63140,5","27403,7","19688,8",0,0,"156,6",0,GIO,FUORI,"0,040716","156,6","0,040716",AUG
31/08/2023,05:58:18,"47092,5","64046,1","27403,7","19688,8",0,0,"905,6",0,GIO,FUORI,"0,235456","905,6","0,235456",AUG
31/08/2023,06:58:17,"47093,4","64422,9","27403,7","19689,7","0,9","0,9","376,8",0,GIO,FUORI,"0,097968","377,7","0,098202",AUG
31/08/2023,07:58:18,"47110,9","64537,2","27403,7","19707,2","17,5","17,5","114,3",0,GIO,FUORI,"0,029718","131,8","0,034268",AUG
31/08/2023,08:58:18,"47178,1","64554,1","27413,2","19764,9","57,7","67,2","16,9","9,5",GIO,PICCO,"0,005239","74,6","0,023126",AUG
31/08/2023,09:58:17,"47337,9","64554,1","27507,1","19830,8","65,9","159,8",0,"93,9",GIO,PICCO,0,"65,9","0,020429",AUG
31/08/2023,10:58:17,"47679,6","64554,1","27797,6",19882,"51,2","341,7",0,"290,5",GIO,PICCO,0,"51,2","0,015872",AUG
31/08/2023,11:58:17,"48221,6","64554,1","28260,7","19960,9","78,9",542,0,"463,1",GIO,PICCO,0,"78,9","0,024459",AUG
31/08/2023,12:58:18,"48798,8","64554,1","28775,6","20023,2","62,3","577,2",0,"514,9",GIO,PICCO,0,"62,3","0,019313",AUG
31/08/2023,13:58:18,"49199,7","64755,5","29071,1","20128,6","105,4","400,9","201,4","295,5",GIO,PICCO,"0,062434","306,8","0,095108",AUG
31/08/2023,14:58:17,"49658,5","64961,8","29295,5",20363,"234,4","458,8","206,3","224,4",GIO,PICCO,"0,063953","440,7","0,136617",AUG
31/08/2023,15:58:18,"49965,3","65095,6","29453,6","20511,7","148,7","306,8","133,8","158,1",GIO,PICCO,"0,041478","282,5","0,087575",AUG
31/08/2023,16:58:18,"50301,3","65098,4","29703,5","20597,8","86,1",336,"2,8","249,9",GIO,PICCO,"0,000868","88,9","0,027559",AUG
31/08/2023,17:58:18,"50677,4","65130,3","29974,1","20703,3","105,5","376,1","31,9","270,6",GIO,PICCO,"0,009889","137,4","0,042594",AUG
31/08/2023,18:58:18,"50819,9",65147,"30063,5","20756,4","53,1","142,5","16,7","89,4",GIO,PICCO,"0,005177","69,8","0,021638",AUG
31/08/2023,19:58:18,"50828,5","66382,9","30063,5",20765,"8,6","8,6","1235,9",0,GIO,PICCO,"0,383129","1244,5","0,385795",AUG
31/08/2023,20:58:17,"50828,5","66653,4","30063,5",20765,0,0,"270,5",0,GIO,FUORI,"0,07033","270,5","0,07033",AUG
31/08/2023,21:58:18,"50828,5","66747,8","30063,5",20765,0,0,"94,4",0,GIO,FUORI,"0,024544","94,4","0,024544",AUG
31/08/2023,22:58:17,"50828,5","66825,3","30063,5",20765,0,0,"77,5",0,GIO,FUORI,"0,02015","77,5","0,02015",AUG
31/08/2023,23:58:18,"50828,5","66918,3","30063,5",20765,0,0,93,0,GIO,FUORI,"0,02418",93,"0,02418",AUG
01/09/2023,00:58:17,"50828,5","67013,9","30063,5",20765,0,0,"95,6",0,VEN,FUORI,"0,024856","95,6","0,024856",SEP
01/09/2023,01:58:18,"50828,5","67116,4","30063,5",20765,0,0,"102,5",0,VEN,FUORI,"0,02665","102,5","0,02665",SEP
01/09/2023,02:58:17,"50828,5","67206,9","30063,5",20765,0,0,"90,5",0,VEN,FUORI,"0,02353","90,5","0,02353",SEP
01/09/2023,03:58:18,"50828,5","67301,6","30063,5",20765,0,0,"94,7",0,VEN,FUORI,"0,024622","94,7","0,024622",SEP
01/09/2023,04:58:17,"50828,5",67474,"30063,5",20765,0,0,"172,4",0,VEN,FUORI,"0,044824","172,4","0,044824",SEP
01/09/2023,05:58:17,"50828,5","67908,7","30063,5",20765,0,0,"434,7",0,VEN,FUORI,"0,113022","434,7","0,113022",SEP
01/09/2023,06:58:18,"50830,6","68383,1","30063,5","20767,1","2,1","2,1","474,4",0,VEN,FUORI,"0,123344","476,5","0,12389",SEP
01/09/2023,07:58:17,"50846,3","68426,4","30063,5","20782,8","15,7","15,7","43,3",0,VEN,FUORI,"0,011258",59,"0,01534",SEP
01/09/2023,08:58:18,"50883,6","68467,4","30064,5","20819,1","36,3","37,3",41,1,VEN,PICCO,"0,01271","77,3","0,023963",SEP
01/09/2023,09:58:21,"51093,7","68467,4","30223,4","20870,3","51,2","210,1",0,"158,9",VEN,PICCO,0,"51,2","0,015872",SEP
01/09/2023,10:58:18,"51501,4","68467,4","30562,1","20939,3",69,"407,7",0,"338,7",VEN,PICCO,0,69,"0,02139",SEP
01/09/2023,11:58:18,"52019,8","68467,4",31016,"21003,8","64,5","518,4",0,"453,9",VEN,PICCO,0,"64,5","0,019995",SEP
01/09/2023,12:58:18,52589,"68467,4","31527,9","21061,1","57,3","569,2",0,"511,9",VEN,PICCO,0,"57,3","0,017763",SEP
01/09/2023,13:58:18,"53202,8","68644,7","31929,8",21273,"211,9","613,8","177,3","401,9",VEN,PICCO,"0,054963","389,2","0,120652",SEP
01/09/2023,14:58:17,"53738,9","68811,9","32252,6","21486,3","213,3","536,1","167,2","322,8",VEN,PICCO,"0,051832","380,5","0,117955",SEP
01/09/2023,15:58:18,"54234,2","68811,9","32648,4","21585,8","99,5","495,3",0,"395,8",VEN,PICCO,0,"99,5","0,030845",SEP
01/09/2023,16:58:18,"54626,2",68812,32963,"21663,2","77,4",392,"0,1","314,6",VEN,PICCO,"0,000031","77,5","0,024025",SEP
01/09/2023,17:58:18,"54706,9","68830,7","32974,2","21732,7","69,5","80,7","18,7","11,2",VEN,PICCO,"0,005797","88,2","0,027342",SEP
01/09/2023,18:58:17,"54832,7","68870,2","33002,9","21829,8","97,1","125,8","39,5","28,7",VEN,PICCO,"0,012245","136,6","0,042346",SEP
01/09/2023,19:58:19,"54839,8","69798,9","33002,9","21836,9","7,1","7,1","928,7",0,VEN,PICCO,"0,287897","935,8","0,290098",SEP
01/09/2023,20:58:17,"54839,8","70099,7","33002,9","21836,9",0,0,"300,8",0,VEN,FUORI,"0,078208","300,8","0,078208",SEP
01/09/2023,21:58:17,"54839,8","70243,9","33002,9","21836,9",0,0,"144,2",0,VEN,FUORI,"0,037492","144,2","0,037492",SEP
01/09/2023,22:58:18,"54839,8","70369,8","33002,9","21836,9",0,0,"125,9",0,VEN,FUORI,"0,032734","125,9","0,032734",SEP
01/09/2023,23:58:17,"54839,8","70469,2","33002,9","21836,9",0,0,"99,4",0,VEN,FUORI,"0,025844","99,4","0,025844",SEP
02/09/2023,00:58:17,"54839,8","70554,9","33002,9","21836,9",0,0,"85,7",0,SAB,FUORI,"0,022282","85,7","0,022282",SEP
02/09/2023,01:58:18,"54839,8","70659,9","33002,9","21836,9",0,0,105,0,SAB,FUORI,"0,0273",105,"0,0273",SEP
02/09/2023,02:58:18,"54839,8","70742,1","33002,9","21836,9",0,0,"82,2",0,SAB,FUORI,"0,021372","82,2","0,021372",SEP
02/09/2023,03:58:17,"54839,8","70830,4","33002,9","21836,9",0,0,"88,3",0,SAB,FUORI,"0,022958","88,3","0,022958",SEP
02/09/2023,04:58:18,"54839,8","71086,7","33002,9","21836,9",0,0,"256,3",0,SAB,FUORI,"0,066638","256,3","0,066638",SEP
02/09/2023,05:58:18,"54839,8","71480,4","33002,9","21836,9",0,0,"393,7",0,SAB,FUORI,"0,102362","393,7","0,102362",SEP
02/09/2023,06:58:18,"54842,3","71547,9","33002,9","21839,4","2,5","2,5","67,5",0,SAB,FUORI,"0,01755",70,"0,0182",SEP
02/09/2023,07:58:17,"54861,4","71613,6","33002,9","21858,5","19,1","19,1","65,7",0,SAB,FUORI,"0,017082","84,8","0,022048",SEP
02/09/2023,08:58:17,54899,"71705,4","33002,9","21896,1","37,6","37,6","91,8",0,SAB,FUORI,"0,023868","129,4","0,033644",SEP
02/09/2023,09:58:18,"55125,5","71706,7","33181,2","21944,3","48,2","226,5","1,3","178,3",SAB,FUORI,"0,000338","49,5","0,01287",SEP
02/09/2023,10:58:18,"55561,1","71706,7","33541,7","22019,4","75,1","435,6",0,"360,5",SAB,FUORI,0,"75,1","0,019526",SEP
02/09/2023,11:58:17,"56079,2","71706,7",34017,"22062,2","42,8","518,1",0,"475,3",SAB,FUORI,0,"42,8","0,011128",SEP
02/09/2023,12:58:17,"56650,5","71706,7","34515,9","22134,6","72,4","571,3",0,"498,9",SAB,FUORI,0,"72,4","0,018824",SEP
02/09/2023,13:58:17,"56901,5","72258,3","34579,8","22321,7","187,1",251,"551,6","63,9",SAB,FUORI,"0,143416","738,7","0,192062",SEP
02/09/2023,14:58:17,"57134,6","72258,3","34738,3","22396,3","74,6","233,1",0,"158,5",SAB,FUORI,0,"74,6","0,019396",SEP
02/09/2023,15:58:17,"57587,5","72258,3","35149,8","22437,7","41,4","452,9",0,"411,5",SAB,FUORI,0,"41,4","0,010764",SEP
02/09/2023,16:58:17,"58010,4","72258,3","35490,6","22519,8","82,1","422,9",0,"340,8",SAB,FUORI,0,"82,1","0,021346",SEP
02/09/2023,17:58:17,"58230,6","72258,3","35669,3","22561,3","41,5","220,2",0,"178,7",SAB,FUORI,0,"41,5","0,01079",SEP
02/09/2023,18:58:17,"58293,1","72286,9","35690,5","22602,6","41,3","62,5","28,6","21,2",SAB,FUORI,"0,007436","69,9","0,018174",SEP
02/09/2023,19:58:18,"58298,5","72449,2","35690,5",22608,"5,4","5,4","162,3",0,SAB,FUORI,"0,042198","167,7","0,043602",SEP
02/09/2023,20:58:17,"58298,5","72541,6","35690,5",22608,0,0,"92,4",0,SAB,FUORI,"0,024024","92,4","0,024024",SEP
02/09/2023,21:58:18,"58298,5","72624,2","35690,5",22608,0,0,"82,6",0,SAB,FUORI,"0,021476","82,6","0,021476",SEP
02/09/2023,22:58:17,"58298,5","72681,1","35690,5",22608,0,0,"56,9",0,SAB,FUORI,"0,014794","56,9","0,014794",SEP
02/09/2023,23:58:18,"58298,5","72767,8","35690,5",22608,0,0,"86,7",0,SAB,FUORI,"0,022542","86,7","0,022542",SEP
03/09/2023,00:58:17,"58298,5","72824,4","35690,5",22608,0,0,"56,6",0,DOM,FUORI,"0,014716","56,6","0,014716",SEP
03/09/2023,01:58:18,"58298,5","72908,8","35690,5",22608,0,0,"84,4",0,DOM,FUORI,"0,021944","84,4","0,021944",SEP
03/09/2023,02:58:18,"58298,5","72980,4","35690,5",22608,0,0,"71,6",0,DOM,FUORI,"0,018616","71,6","0,018616",SEP
03/09/2023,03:58:17,"58298,5","73050,1","35690,5",22608,0,0,"69,7",0,DOM,FUORI,"0,018122","69,7","0,018122",SEP
03/09/2023,04:58:17,"58298,5","73377,4","35690,5",22608,0,0,"327,3",0,DOM,FUORI,"0,085098","327,3","0,085098",SEP
03/09/2023,05:58:17,"58298,5",73455,"35690,5",22608,0,0,"77,6",0,DOM,FUORI,"0,020176","77,6","0,020176",SEP
03/09/2023,06:58:18,"58300,3","73623,7","35690,5","22609,8","1,8","1,8","168,7",0,DOM,FUORI,"0,043862","170,5","0,04433",SEP
03/09/2023,07:58:17,"58324,1","73654,6","35690,5","22633,6","23,8","23,8","30,9",0,DOM,FUORI,"0,008034","54,7","0,014222",SEP
03/09/2023,08:58:18,"58383,2","73659,9","35710,8","22672,4","38,8","59,1","5,3","20,3",DOM,FUORI,"0,001378","44,1","0,011466",SEP
03/09/2023,09:58:17,"58595,7","73659,9","35864,1","22731,6","59,2","212,5",0,"153,3",DOM,FUORI,0,"59,2","0,015392",SEP
03/09/2023,10:58:17,"59016,5","73659,9","36235,8","22780,7","49,1","420,8",0,"371,7",DOM,FUORI,0,"49,1","0,012766",SEP
03/09/2023,11:58:17,59438,"73659,9","36610,3","22827,7",47,"421,5",0,"374,5",DOM,FUORI,0,47,"0,01222",SEP
03/09/2023,12:58:17,"59967,5","73659,9",37083,"22884,5","56,8","529,5",0,"472,7",DOM,FUORI,0,"56,8","0,014768",SEP
03/09/2023,13:58:17,"60461,9","73766,3","37465,4","22996,5",112,"494,4","106,4","382,4",DOM,FUORI,"0,027664","218,4","0,056784",SEP
03/09/2023,14:58:17,"61083,5","73766,3","38027,3","23056,2","59,7","621,6",0,"561,9",DOM,FUORI,0,"59,7","0,015522",SEP
03/09/2023,15:58:17,"61550,5","73826,5",38401,"23149,5","93,3",467,"60,2","373,7",DOM,FUORI,"0,015652","153,5","0,03991",SEP
03/09/2023,16:58:17,"62047,1","73826,5",38842,"23205,1","55,6","496,6",0,441,DOM,FUORI,0,"55,6","0,014456",SEP
03/09/2023,17:58:17,62283,"73826,5","39025,5","23257,5","52,4","235,9",0,"183,5",DOM,FUORI,0,"52,4","0,013624",SEP
03/09/2023,18:58:17,"62383,5",73838,"39075,5",23308,"50,5","100,5","11,5",50,DOM,FUORI,"0,00299",62,"0,01612",SEP
03/09/2023,19:58:27,"62393,9",73990,"39075,5","23318,4","10,4","10,4",152,0,DOM,FUORI,"0,03952","162,4","0,042224",SEP
03/09/2023,20:58:18,"62393,9","74291,7","39075,5","23318,4",0,0,"301,7",0,DOM,FUORI,"0,078442","301,7","0,078442",SEP
03/09/2023,21:58:17,"62393,9","75202,6","39075,5","23318,4",0,0,"910,9",0,DOM,FUORI,"0,236834","910,9","0,236834",SEP
03/09/2023,22:58:18,"62393,9","75822,5","39075,5","23318,4",0,0,"619,9",0,DOM,FUORI,"0,161174","619,9","0,161174",SEP
03/09/2023,23:58:17,"62393,9","75919,5","39075,5","23318,4",0,0,97,0,DOM,FUORI,"0,02522",97,"0,02522",SEP
04/09/2023,00:58:17,"62393,9",76000,"39075,5","23318,4",0,0,"80,5",0,LUN,FUORI,"0,02093","80,5","0,02093",SEP
04/09/2023,01:58:17,"62393,9","76094,9","39075,5","23318,4",0,0,"94,9",0,LUN,FUORI,"0,024674","94,9","0,024674",SEP
04/09/2023,02:58:18,"62393,9",76175,"39075,5","23318,4",0,0,"80,1",0,LUN,FUORI,"0,020826","80,1","0,020826",SEP
04/09/2023,03:58:17,"62393,9","76248,7","39075,5","23318,4",0,0,"73,7",0,LUN,FUORI,"0,019162","73,7","0,019162",SEP
04/09/2023,04:58:17,"62393,9","76453,9","39075,5","23318,4",0,0,"205,2",0,LUN,FUORI,"0,053352","205,2","0,053352",SEP
04/09/2023,05:58:18,"62393,9","77111,8","39075,5","23318,4",0,0,"657,9",0,LUN,FUORI,"0,171054","657,9","0,171054",SEP
04/09/2023,06:58:18,"62396,1","77468,5","39075,5","23320,6","2,2","2,2","356,7",0,LUN,FUORI,"0,092742","358,9","0,093314",SEP
04/09/2023,07:58:17,"62429,2","77510,8","39076,8","23352,4","31,8","33,1","42,3","1,3",LUN,FUORI,"0,010998","74,1","0,019266",SEP
04/09/2023,08:58:17,62503,"77520,7","39100,8","23402,2","49,8","73,8","9,9",24,LUN,PICCO,"0,003069","59,7","0,018507",SEP
04/09/2023,09:58:18,"62722,2","77520,7","39261,9","23460,3","58,1","219,2",0,"161,1",LUN,PICCO,0,"58,1","0,018011",SEP
04/09/2023,10:58:17,"63094,9","77520,7","39587,2","23507,7","47,4","372,7",0,"325,3",LUN,PICCO,0,"47,4","0,014694",SEP
04/09/2023,11:58:17,"63460,7","77520,7",39901,"23559,7",52,"365,8",0,"313,8",LUN,PICCO,0,52,"0,01612",SEP
04/09/2023,12:58:17,"63909,4","77522,1","40280,9","23628,5","68,8","448,7","1,4","379,9",LUN,PICCO,"0,000434","70,2","0,021762",SEP
04/09/2023,13:58:17,"64464,6","78290,8","40447,9","24016,7","388,2","555,2","768,7",167,LUN,PICCO,"0,238297","1156,9","0,358639",SEP
04/09/2023,14:58:17,"65018,8","78344,1","40741,4","24277,4","260,7","554,2","53,3","293,5",LUN,PICCO,"0,016523",314,"0,09734",SEP
04/09/2023,15:58:17,"65567,8","78717,5","41087,7","24480,1","202,7",549,"373,4","346,3",LUN,PICCO,"0,115754","576,1","0,178591",SEP
04/09/2023,16:58:18,"65991,8","78723,3","41333,9","24657,9","177,8",424,"5,8","246,2",LUN,PICCO,"0,001798","183,6","0,056916",SEP
04/09/2023,17:58:18,"66372,8","78723,3","41631,3","24741,5","83,6",381,0,"297,4",LUN,PICCO,0,"83,6","0,025916",SEP
04/09/2023,18:58:17,"66503,5","78743,8","41712,1","24791,4","49,9","130,7","20,5","80,8",LUN,PICCO,"0,006355","70,4","0,021824",SEP
04/09/2023,19:58:17,"66509,9","79296,4","41712,1","24797,8","6,4","6,4","552,6",0,LUN,PICCO,"0,171306",559,"0,17329",SEP
04/09/2023,20:58:19,"66509,9","80473,8","41712,1","24797,8",0,0,"1177,4",0,LUN,FUORI,"0,306124","1177,4","0,306124",SEP
04/09/2023,21:58:18,"66509,9","80927,1","41712,1","24797,8",0,0,"453,3",0,LUN,FUORI,"0,117858","453,3","0,117858",SEP
04/09/2023,22:58:17,"66509,9",81083,"41712,1","24797,8",0,0,"155,9",0,LUN,FUORI,"0,040534","155,9","0,040534",SEP
04/09/2023,23:58:17,"66509,9","81176,1","41712,1","24797,8",0,0,"93,1",0,LUN,FUORI,"0,024206","93,1","0,024206",SEP
05/09/2023,00:58:18,"66509,9",81262,"41712,1","24797,8",0,0,"85,9",0,MAR,FUORI,"0,022334","85,9","0,022334",SEP
05/09/2023,01:58:17,"66509,9","81314,7","41712,1","24797,8",0,0,"52,7",0,MAR,FUORI,"0,013702","52,7","0,013702",SEP
05/09/2023,02:58:17,"66509,9","81426,6","41712,1","24797,8",0,0,"111,9",0,MAR,FUORI,"0,029094","111,9","0,029094",SEP
05/09/2023,03:58:18,"66509,9","81514,3","41712,1","24797,8",0,0,"87,7",0,MAR,FUORI,"0,022802","87,7","0,022802",SEP
05/09/2023,04:58:18,"66509,9","81824,6","41712,1","24797,8",0,0,"310,3",0,MAR,FUORI,"0,080678","310,3","0,080678",SEP
05/09/2023,05:58:17,"66509,9","81900,2","41712,1","24797,8",0,0,"75,6",0,MAR,FUORI,"0,019656","75,6","0,019656",SEP
05/09/2023,06:58:17,"66510,9","82571,9","41712,1","24798,8",1,1,"671,7",0,MAR,FUORI,"0,174642","672,7","0,174902",SEP
05/09/2023,07:58:17,"66530,2","82699,5","41712,1","24818,1","19,3","19,3","127,6",0,MAR,FUORI,"0,033176","146,9","0,038194",SEP
05/09/2023,08:58:17,66592,"82708,4","41718,1","24873,9","55,8","61,8","8,9",6,MAR,PICCO,"0,002759","64,7","0,020057",SEP
05/09/2023,09:58:18,"66825,6","82708,6","41885,5","24940,1","66,2","233,6","0,2","167,4",MAR,PICCO,"0,000062","66,4","0,020584",SEP
05/09/2023,10:58:18,"67291,4","82708,6","42286,8","25004,6","64,5","465,8",0,"401,3",MAR,PICCO,0,"64,5","0,019995",SEP
05/09/2023,11:58:17,"67682,6","82708,6","42616,1","25066,5","61,9","391,2",0,"329,3",MAR,PICCO,0,"61,9","0,019189",SEP
05/09/2023,12:58:18,"67872,5","82711,2","42699,6","25172,9","106,4","189,9","2,6","83,5",MAR,PICCO,"0,000806",109,"0,03379",SEP
05/09/2023,13:58:18,"68087,1","83446,6","42726,9","25360,2","187,3","214,6","735,4","27,3",MAR,PICCO,"0,227974","922,7","0,286037",SEP
05/09/2023,14:58:17,"68421,3","83553,6","42937,1","25484,2",124,"334,2",107,"210,2",MAR,PICCO,"0,03317",231,"0,07161",SEP
05/09/2023,15:58:18,68829,"83594,1","43278,3","25550,7","66,5","407,7","40,5","341,2",MAR,PICCO,"0,012555",107,"0,03317",SEP
05/09/2023,16:58:17,"69323,5","83594,1","43713,7","25609,8","59,1","494,5",0,"435,4",MAR,PICCO,0,"59,1","0,018321",SEP
05/09/2023,17:58:18,"69526,2",83621,"43846,1","25680,1","70,3","202,7","26,9","132,4",MAR,PICCO,"0,008339","97,2","0,030132",SEP
05/09/2023,18:58:17,"69660,1","84080,3","43876,6","25783,5","103,4","133,9","459,3","30,5",MAR,PICCO,"0,142383","562,7","0,174437",SEP
05/09/2023,19:58:17,"69666,7","84673,1","43876,6","25790,1","6,6","6,6","592,8",0,MAR,PICCO,"0,183768","599,4","0,185814",SEP
05/09/2023,20:58:17,"69666,7","85185,1","43876,6","25790,1",0,0,512,0,MAR,FUORI,"0,13312",512,"0,13312",SEP
05/09/2023,21:58:18,"69666,7","86059,8","43876,6","25790,1",0,0,"874,7",0,MAR,FUORI,"0,227422","874,7","0,227422",SEP
05/09/2023,22:58:18,"69666,7",86250,"43876,6","25790,1",0,0,"190,2",0,MAR,FUORI,"0,049452","190,2","0,049452",SEP
05/09/2023,23:58:17,"69666,7","86360,9","43876,6","25790,1",0,0,"110,9",0,MAR,FUORI,"0,028834","110,9","0,028834",SEP
06/09/2023,00:58:17,"69666,7","86440,1","43876,6","25790,1",0,0,"79,2",0,MER,FUORI,"0,020592","79,2","0,020592",SEP
06/09/2023,01:58:18,"69666,7","86528,5","43876,6","25790,1",0,0,"88,4",0,MER,FUORI,"0,022984","88,4","0,022984",SEP
06/09/2023,02:58:17,"69666,7","86616,5","43876,6","25790,1",0,0,88,0,MER,FUORI,"0,02288",88,"0,02288",SEP
06/09/2023,03:58:18,"69666,7","86693,9","43876,6","25790,1",0,0,"77,4",0,MER,FUORI,"0,020124","77,4","0,020124",SEP
06/09/2023,04:58:17,"69666,7","87020,7","43876,6","25790,1",0,0,"326,8",0,MER,FUORI,"0,084968","326,8","0,084968",SEP
06/09/2023,05:58:17,"69666,7","87466,4","43876,6","25790,1",0,0,"445,7",0,MER,FUORI,"0,115882","445,7","0,115882",SEP
06/09/2023,06:58:18,69668,"88049,1","43876,6","25791,4","1,3","1,3","582,7",0,MER,FUORI,"0,151502",584,"0,15184",SEP
06/09/2023,07:58:17,"69690,8","88103,4","43876,6","25814,2","22,8","22,8","54,3",0,MER,FUORI,"0,014118","77,1","0,020046",SEP
06/09/2023,08:58:17,"69730,3","88143,3","43877,9","25852,4","38,2","39,5","39,9","1,3",MER,PICCO,"0,012369","78,1","0,024211",SEP
06/09/2023,09:58:18,"69952,6","88143,3","44056,8","25895,8","43,4","222,3",0,"178,9",MER,PICCO,0,"43,4","0,013454",SEP
06/09/2023,10:58:18,70389,"88144,9","44423,4","25965,6","69,8","436,4","1,6","366,6",MER,PICCO,"0,000496","71,4","0,022134",SEP
06/09/2023,11:58:17,"70850,3",88146,"44793,7","26056,6",91,"461,3","1,1","370,3",MER,PICCO,"0,000341","92,1","0,028551",SEP
06/09/2023,12:58:17,"71405,3","88146,3","45218,4","26186,9","130,3",555,"0,3","424,7",MER,PICCO,"0,000093","130,6","0,040486",SEP
06/09/2023,13:58:18,"71949,3","88530,6","45454,4","26494,9",308,544,"384,3",236,MER,PICCO,"0,119133","692,3","0,214613",SEP
06/09/2023,14:58:17,"72513,2","88531,3","45872,8","26640,4","145,5","563,9","0,7","418,4",MER,PICCO,"0,000217","146,2","0,045322",SEP
06/09/2023,15:58:18,"73008,3","88549,8","46235,1","26773,2","132,8","495,1","18,5","362,3",MER,PICCO,"0,005735","151,3","0,046903",SEP
06/09/2023,16:58:17,"73493,5","88549,8","46618,3","26875,2",102,"485,2",0,"383,2",MER,PICCO,0,102,"0,03162",SEP
06/09/2023,17:58:18,"73820,9","88889,4","46796,3","27024,6","149,4","327,4","339,6",178,MER,PICCO,"0,105276",489,"0,15159",SEP
06/09/2023,18:58:41,"73933,1","89304,3","46820,2","27112,9","88,3","112,2","414,9","23,9",MER,PICCO,"0,128619","503,2","0,155992",SEP
06/09/2023,19:58:18,"73938,8","89890,7","46820,2","27118,6","5,7","5,7","586,4",0,MER,PICCO,"0,181784","592,1","0,183551",SEP
06/09/2023,20:58:17,"73938,8","90449,3","46820,2","27118,6",0,0,"558,6",0,MER,FUORI,"0,145236","558,6","0,145236",SEP
06/09/2023,21:58:18,"73938,8","91339,8","46820,2","27118,6",0,0,"890,5",0,MER,FUORI,"0,23153","890,5","0,23153",SEP
06/09/2023,22:58:17,"73938,8","91469,3","46820,2","27118,6",0,0,"129,5",0,MER,FUORI,"0,03367","129,5","0,03367",SEP
06/09/2023,23:58:18,"73938,8","91561,2","46820,2","27118,6",0,0,"91,9",0,MER,FUORI,"0,023894","91,9","0,023894",SEP
07/09/2023,00:58:17,"73938,8",91652,"46820,2","27118,6",0,0,"90,8",0,GIO,FUORI,"0,023608","90,8","0,023608",SEP
07/09/2023,01:58:18,"73938,8","91725,7","46820,2","27118,6",0,0,"73,7",0,GIO,FUORI,"0,019162","73,7","0,019162",SEP
07/09/2023,02:58:17,"73938,8",91825,"46820,2","27118,6",0,0,"99,3",0,GIO,FUORI,"0,025818","99,3","0,025818",SEP
07/09/2023,03:58:17,"73938,8",91898,"46820,2","27118,6",0,0,73,0,GIO,FUORI,"0,01898",73,"0,01898",SEP
07/09/2023,04:58:18,"73938,8",92190,"46820,2","27118,6",0,0,292,0,GIO,FUORI,"0,07592",292,"0,07592",SEP
07/09/2023,05:58:18,"73938,8","92268,7","46820,2","27118,6",0,0,"78,7",0,GIO,FUORI,"0,020462","78,7","0,020462",SEP
07/09/2023,06:58:18,73940,92946,"46820,2","27119,8","1,2","1,2","677,3",0,GIO,FUORI,"0,176098","678,5","0,17641",SEP
07/09/2023,07:58:18,"73955,4","93011,6","46820,2","27135,2","15,4","15,4","65,6",0,GIO,FUORI,"0,017056",81,"0,02106",SEP
07/09/2023,08:58:18,"73990,8","93061,5","46820,3","27170,5","35,3","35,4","49,9","0,1",GIO,PICCO,"0,015469","85,2","0,026412",SEP
07/09/2023,09:58:18,"74228,1",93062,"46998,8","27229,3","58,8","237,3","0,5","178,5",GIO,PICCO,"0,000155","59,3","0,018383",SEP
07/09/2023,10:58:18,"74638,2",93062,"47356,9","27281,3",52,"410,1",0,"358,1",GIO,PICCO,0,52,"0,01612",SEP
07/09/2023,11:58:17,"75154,8",93062,"47804,6","27350,2","68,9","516,6",0,"447,7",GIO,PICCO,0,"68,9","0,021359",SEP
07/09/2023,12:58:18,"75740,2",93062,"48302,5","27437,7","87,5","585,4",0,"497,9",GIO,PICCO,0,"87,5","0,027125",SEP
07/09/2023,13:58:19,"76299,5","93279,5","48611,2","27688,3","250,6","559,3","217,5","308,7",GIO,PICCO,"0,067425","468,1","0,145111",SEP
07/09/2023,14:58:18,"76834,5","93445,6","48935,3","27899,2","210,9",535,"166,1","324,1",GIO,PICCO,"0,051491",377,"0,11687",SEP
07/09/2023,15:58:18,"77362,1","93445,6","49331,7","28030,4","131,2","527,6",0,"396,4",GIO,PICCO,0,"131,2","0,040672",SEP
07/09/2023,16:58:18,"77801,9","93445,6","49650,7","28151,2","120,8","439,8",0,319,GIO,PICCO,0,"120,8","0,037448",SEP
07/09/2023,17:58:17,"77890,5","93445,8","49687,7","28202,8","51,6","88,6","0,2",37,GIO,PICCO,"0,000062","51,8","0,016058",SEP
07/09/2023,18:58:18,"78006,4","93496,8","49750,7","28255,7","52,9","115,9",51,63,GIO,PICCO,"0,01581","103,9","0,032209",SEP
07/09/2023,19:58:18,"78012,3","94677,1","49750,7","28261,6","5,9","5,9","1180,3",0,GIO,PICCO,"0,365893","1186,2","0,367722",SEP
07/09/2023,20:58:17,"78012,3","95500,7","49750,7","28261,6",0,0,"823,6",0,GIO,FUORI,"0,214136","823,6","0,214136",SEP
07/09/2023,21:58:18,"78012,3","96240,7","49750,7","28261,6",0,0,740,0,GIO,FUORI,"0,1924",740,"0,1924",SEP
07/09/2023,22:58:18,"78012,3","96436,4","49750,7","28261,6",0,0,"195,7",0,GIO,FUORI,"0,050882","195,7","0,050882",SEP
07/09/2023,23:58:18,"78012,3","96591,1","49750,7","28261,6",0,0,"154,7",0,GIO,FUORI,"0,040222","154,7","0,040222",SEP
08/09/2023,00:58:17,"78012,3","96727,3","49750,7","28261,6",0,0,"136,2",0,VEN,FUORI,"0,035412","136,2","0,035412",SEP
08/09/2023,01:58:18,"78012,3","96802,1","49750,7","28261,6",0,0,"74,8",0,VEN,FUORI,"0,019448","74,8","0,019448",SEP
08/09/2023,02:58:18,"78012,3","96886,4","49750,7","28261,6",0,0,"84,3",0,VEN,FUORI,"0,021918","84,3","0,021918",SEP
08/09/2023,03:58:18,"78012,3","96956,8","49750,7","28261,6",0,0,"70,4",0,VEN,FUORI,"0,018304","70,4","0,018304",SEP
08/09/2023,04:58:18,"78012,3","97151,3","49750,7","28261,6",0,0,"194,5",0,VEN,FUORI,"0,05057","194,5","0,05057",SEP
08/09/2023,05:58:17,"78012,3","97415,8","49750,7","28261,6",0,0,"264,5",0,VEN,FUORI,"0,06877","264,5","0,06877",SEP
08/09/2023,06:58:18,"78013,4","97933,9","49750,7","28262,7","1,1","1,1","518,1",0,VEN,FUORI,"0,134706","519,2","0,134992",SEP
08/09/2023,07:58:17,"78028,9","98001,2","49750,7","28278,2","15,5","15,5","67,3",0,VEN,FUORI,"0,017498","82,8","0,021528",SEP
08/09/2023,08:58:17,"78065,8","98041,5","49750,7","28315,1","36,9","36,9","40,3",0,VEN,PICCO,"0,012493","77,2","0,023932",SEP
08/09/2023,09:58:18,"78245,7","98044,2","49857,9","28387,8","72,7","179,9","2,7","107,2",VEN,PICCO,"0,000837","75,4","0,023374",SEP
08/09/2023,10:58:17,"78650,9","98044,2","50223,7","28427,2","39,4","405,2",0,"365,8",VEN,PICCO,0,"39,4","0,012214",SEP
08/09/2023,11:58:18,"79023,9","98047,6","50506,7","28517,2",90,373,"3,4",283,VEN,PICCO,"0,001054","93,4","0,028954",SEP
08/09/2023,12:58:18,"79318,2","98047,6","50684,6","28633,6","116,4","294,3",0,"177,9",VEN,PICCO,0,"116,4","0,036084",SEP
08/09/2023,13:58:17,"79865,8","98624,1","50824,3","29041,5","407,9","547,6","576,5","139,7",VEN,PICCO,"0,178715","984,4","0,305164",SEP